<?xml version="1.0" encoding="UTF-8" ?>
<Module>
  <ModulePrefs title="Dice Roller">
    <Require feature="rpc"/>
    <Require feature="views"/>
  </ModulePrefs>
  <Content type="html">
    <![CDATA[
      <script src="//plus.google.com/hangouts/_/api/v1/hangout.js"></script>
        <script type="text/javascript" src="//www.google.com/jsapi"></script>


<html>
<head>
<script>
var versionNumber = 2;
console.log("API Ready v" + versionNumber)
</script>
<script>
var LocalResultList = [];

function clearChat(){
  LocalResultList = []
  document.getElementById('ResultListMain').innerHTML = "";
}

function updateResultList(newInput){
  /*Status Codes:
  * -1  Nat 1
  * 0 Dice Roll Result
  * 1 Nat 20
  */
  LocalResultList.push(newInput);
  var tempOutput = "";
  var i = 0;
  var listLength = LocalResultList.length;
  tempOutput = "<ul>";
  for(i = listLength; i > 0; --i){
    tempOutput += "<li>";
    if(LocalResultList[i-1].status == 1){
      tempOutput += "**"
    }
    else if(LocalResultList[i-1].status == -1)
    {
      tempOutput += "--"
    }
    tempOutput += LocalResultList[i - 1].name + ": ";
    tempOutput += LocalResultList[i - 1].result;
    if(LocalResultList[i-1].status == 1){
      tempOutput += "**"
    }
    else if(LocalResultList[i-1].status == -1)
    {
      tempOutput += "--"
    }
    tempOutput += "</li><hr>";
  }
  tempOutput += "</ul>";
  document.getElementById('ResultListMain').innerHTML = tempOutput;
  }


function rolldAD20(){
  var dice1 = Math.floor((Math.random() * 20) + 1);
  var dice2 = Math.floor((Math.random() * 20) + 1);
  var dice = 0;
  var plus = Number(document.getElementById("ADd20P").value);
  var tempName = document.getElementById("UserName").value;
  var tempStatus = 0;
  var tempResult;

  if(document.getElementById('RadioAdv').checked){
    console.log("Advantage");
    if(dice1 >= dice2){
      dice = dice1;
    }
    else{
      dice = dice2;
    }
  }
  else if(document.getElementById('RadioDis').checked){
    console.log("Disadvantage");
    if(dice1 <= dice2){
      dice = dice1;
    }
    else{
      dice = dice2;
    }
  }
  if(dice == 20)
  {
    tempStatus = 1;
  }
  else if(dice == 1){
    tempStatus = -1;
  }
  if(tempName == ""){
    tempName = "Unnamed";
  }
  
  tempResult = "[" + dice1 + "][" + dice2 + "]-->[" + dice + "] + {" + plus + "} = " + (dice + plus);
  
  var output;  
  if(document.getElementById("PrivateRoll").checked == false){
    output = {result: tempResult, name: tempName, status: tempStatus}; 
    updateResultList(output);
    gapi.hangout.data.sendMessage(JSON.stringify(output));
  }
  else{
  output = {result: tempResult, name: "Private Roll", status: tempStatus};
  updateResultList(output);
  }
  
}

function rolld20(){
  var dice = Math.floor((Math.random() * 20) + 1);
  var tempStatus = 0;
  var tempResult = "";
  var plus = Number(document.getElementById("d20P").value);
  var tempName = document.getElementById("UserName").value;
  if(tempName == ""){
    tempName = "Unnamed";
  }
  if(dice == 20)
  {
    tempStatus = 1;
  }
  else if(dice == 1){
    tempStatus = -1;
  }
  tempResult = "[" + dice + "] + {" + plus + "} = " + (dice + plus);

  var output;  
  if(document.getElementById("PrivateRoll").checked == false){
    output = {result: tempResult, name: tempName, status: tempStatus}; 
    updateResultList(output);
    gapi.hangout.data.sendMessage(JSON.stringify(output));
  }
  else{
  output = {result: tempResult, name: "Private Roll", status: tempStatus};
  updateResultList(output);
  }
}

function rolld12(){
  var dice = 0;
  var i = 0;
  var diceNum = Number(document.getElementById("d12").value);
  var plus = Number(document.getElementById("d12P").value);
  var tempResult = "";
  var tempNum;
  if(diceNum > 0){
    diceNum -= 1;
  }
  for(i = 0; i < diceNum; ++i){
    tempNum = Math.floor((Math.random() * 12) + 1);
    tempResult += "[" + tempNum + "] + ";
    dice += tempNum;
  }
  tempNum = Math.floor((Math.random() * 12) + 1);
  tempResult += "[" + tempNum + "]";
  dice += tempNum;
  tempResult += " + {" + plus + "} = " + (dice + plus);
  var tempName = document.getElementById("UserName").value;
  if(tempName == ""){
    tempName = "Unnamed";
  }
  var output;  
  if(document.getElementById("PrivateRoll").checked == false){
    output = {result: tempResult, name: tempName, status: 0}; 
    updateResultList(output);
    gapi.hangout.data.sendMessage(JSON.stringify(output));
  }
  else{
  output = {result: tempResult, name: "Private Roll", status: 0};
  updateResultList(output);
  }
}

function rolld10(){
  var dice = 0;
  var i = 0;
  var diceNum = Number(document.getElementById("d10").value);
  var plus = Number(document.getElementById("d10P").value);
  var tempResult = "";
  var tempNum;
  if(diceNum > 0){
    diceNum -= 1;
  }
  for(i = 0; i < diceNum; ++i){
    tempNum = Math.floor((Math.random() * 10) + 1);
    tempResult += "[" + tempNum + "] + ";
    dice += tempNum;
  }
  tempNum = Math.floor((Math.random() * 10) + 1);
  tempResult += "[" + tempNum + "]";
  dice += tempNum;
  tempResult += " + {" + plus + "} = " + (dice + plus);
  var tempName = document.getElementById("UserName").value;
  if(tempName == ""){
    tempName = "Unnamed";
  }
  var output;  
  if(document.getElementById("PrivateRoll").checked == false){
    output = {result: tempResult, name: tempName, status: 0}; 
    updateResultList(output);
    gapi.hangout.data.sendMessage(JSON.stringify(output));
  }
  else{
  output = {result: tempResult, name: "Private Roll", status: 0};
  updateResultList(output);
  }
}

function rolld8(){
  var dice = 0;
  var i = 0;
  var diceNum = Number(document.getElementById("d8").value);
  var plus = Number(document.getElementById("d8P").value);
  var tempResult = "";
  var tempNum;
  if(diceNum > 0){
    diceNum -= 1;
  }
  for(i = 0; i < diceNum; ++i){
    tempNum = Math.floor((Math.random() * 8) + 1);
    tempResult += "[" + tempNum + "] + ";
    dice += tempNum;
  }
  tempNum = Math.floor((Math.random() * 8) + 1);
  tempResult += "[" + tempNum + "]";
  dice += tempNum;
  tempResult += " + {" + plus + "} = " + (dice + plus);
  var tempName = document.getElementById("UserName").value;
  if(tempName == ""){
    tempName = "Unnamed";
  }
  var output;  
  if(document.getElementById("PrivateRoll").checked == false){
    output = {result: tempResult, name: tempName, status: 0}; 
    updateResultList(output);
    gapi.hangout.data.sendMessage(JSON.stringify(output));
  }
  else{
  output = {result: tempResult, name: "Private Roll", status: 0};
  updateResultList(output);
  }
}

function rolld6(){
  var dice = 0;
  var i = 0;
  var diceNum = Number(document.getElementById("d6").value);
  var plus = Number(document.getElementById("d6P").value);
  var tempResult = "";
  var tempNum;
  if(diceNum > 0){
    diceNum -= 1;
  }
  for(i = 0; i < diceNum; ++i){
    tempNum = Math.floor((Math.random() * 6) + 1);
    tempResult += "[" + tempNum + "] + ";
    dice += tempNum;
  }
  tempNum = Math.floor((Math.random() * 6) + 1);
  tempResult += "[" + tempNum + "]";
  dice += tempNum;
  tempResult += " + {" + plus + "} = " + (dice + plus);
  var tempName = document.getElementById("UserName").value;
  if(tempName == ""){
    tempName = "Unnamed";
  }
  var output;  
  if(document.getElementById("PrivateRoll").checked == false){
    output = {result: tempResult, name: tempName, status: 0}; 
    updateResultList(output);
    gapi.hangout.data.sendMessage(JSON.stringify(output));
  }
  else{
  output = {result: tempResult, name: "Private Roll", status: 0};
  updateResultList(output);
  }
}
function rolld4(){
  var dice = 0;
  var i = 0;
  var diceNum = Number(document.getElementById("d4").value);
  var plus = Number(document.getElementById("d4P").value);
  var tempResult = "";
  var tempNum;
  if(diceNum > 0){
    diceNum -= 1;
  }
  for(i = 0; i < diceNum; ++i){
    tempNum = Math.floor((Math.random() * 4) + 1);
    tempResult += "[" + tempNum + "] + ";
    dice += tempNum;
  }
  tempNum = Math.floor((Math.random() * 4) + 1);
  tempResult += "[" + tempNum + "]";
  dice += tempNum;
  tempResult += " + {" + plus + "} = " + (dice + plus);
  var tempName = document.getElementById("UserName").value;
  if(tempName == ""){
    tempName = "Unnamed";
  }
  var output;  
  if(document.getElementById("PrivateRoll").checked == false){
    output = {result: tempResult, name: tempName, status: 0}; 
    updateResultList(output);
    gapi.hangout.data.sendMessage(JSON.stringify(output));
  }
  else{
  output = {result: tempResult, name: "Private Roll", status: 0};
  updateResultList(output);
  }
}

</script>
</head>





<body>
<script>
//Start Message Recieved Script
function onMessageReceived(event) {
  try {
    console.log("Start");
    updateResultList(JSON.parse(event.message));
  }catch (e) { console.log(e); } 
}
//End Message Retrieved Script
</script>


<script>
//Init Script
function init() {
  // When API is ready...                                                         
  gapi.hangout.onApiReady.add(
    function(eventObj) {
      if (eventObj.isApiReady) {
        console.log("The API is ready");
        gapi.hangout.data.onMessageReceived.add(onMessageReceived);
      }
    }
  );
}
// Wait for gadget to load.                                                       
gadgets.util.registerOnLoadHandler(init);
//end Init Script
</script>


<script>
//Start HTML section here*******************************************************************************************************
//******************************************************************************************************************************
//******************************************************************************************************************************
//******************************************************************************************************************************
//******************************************************************************************************************************
</script>


<div id="Dice" style="height:300px; width:100%; position:absolute; top:0; left:0; background-color:#BEC6DD; ">

<form>
  Name:<input type="text" id="UserName" size="10"><input type="checkbox" id="PrivateRoll">Private
</form>
  <hr>
  
    1d20 + <input type="text" id="ADd20P" size="1"><button id="rollADd20" onclick="rolldAD20()">Roll</button>
    <br><input type="radio" name="adv" id="RadioAdv" value="Adv" checked="checked"> Advantage
    <input type="radio" name="adv" id="RadioDis" value="Dis"> Disadvantage
  
  <hr>
  1d20 + <input type="text" id="d20P" size="1"><button id="rollADd20" onclick="rolld20()">Roll</button><br>
  <input type="text" id="d12" size="1">d12 + <input type="text" id="d12P" size="1"><button id="rolld12" onclick="rolld12()">Roll</button><br>
  <input type="text" id="d10"  size="1">d10 + <input type="text" id="d10P" size="1"><button id="rolld10" onclick="rolld10()">Roll</button><br>
  <input type="text" id="d8"  size="1">d8 + <input type="text" id="d8P" size="1"><button id="rolld8" onclick="rolld8()">Roll</button><br>
  <input type="text" id="d6"  size="1">d6 + <input type="text" id="d6P" size="1"><button id="rolld6" onclick="rolld6()">Roll</button><br>
  <input type="text" id="d4"  size="1">d4 + <input type="text" id="d4P" size="1"><button id="rolld4" onclick="rolld4()">Roll</button><br><hr>
  <button id="clearChatButton" onclick="clearChat()">Clear Chat</button><br>
</div>  
<div id="ResultListMain" style="height:100%; width:100%; position:absolute; top:300; left:0; background-color:#BEC6DD; overflow: auto;">
</div>



</body></html>]]></Content></Module>
